{
    "accuracy": 0.789980732177264,
    "precision": 0.7819354838709678,
    "recall": 0.7931937172774869,
    "auc": 0.871360497283165
}